{
    "accuracy": 0.8972778633795583,
    "precision": 0.6940451745379876,
    "recall": 0.8688946015424165,
    "f1_score": 0.771689497716895,
    "roc_auc": 0.954744729087123
}